{"Audio Settings":[{"ComponentID":169,"ComponentKey":"D0AD08B81CC0","Settings":[{"ID":1,"Name":"AMD Audio Noise Suppression","State":0,"Value":""},{"ID":2,"Name":"Input Device","Value":""},{"ID":3,"Name":"Output Device","Value":""},{"ID":4,"Name":"Processor Selection","Value":0}]}],"CPU Overclock Settings":[{"ComponentID":151,"ComponentKey":"D0AD08B81CC0","Settings":[]}],"Display":[{"ComponentID":152,"ComponentKey":"2242544806","DisplayLogicalIndex":0,"Settings":[{"ID":14,"Name":"Display Color Enhancement","SubSettings":[{"Name":"Toggle","Value":"0"},{"Name":"ContrastValue","Value":"5"}],"Value":""},{"ID":15,"Name":"Color Deficiency Correction","Value":0},{"ID":16,"Name":"Protanopia","Value":10},{"ID":18,"Name":"Tritanopia","Value":0},{"ID":17,"Name":"Deuteranopia","Value":0}]},{"ComponentID":31,"ComponentKey":"2242544806","DisplayLogicalIndex":0,"Settings":[{"Name":"Virtual Super Resolution","Value":0}]},{"ComponentID":33,"ComponentKey":"2242544806","DisplayLogicalIndex":0,"Settings":[{"ID":10,"Name":"AMD FreeSync","Value":1}]},{"ComponentID":35,"ComponentKey":"2242544806","DisplayLogicalIndex":0,"Settings":[{"ID":9,"Name":"GPU Scaling","Value":0},{"ID":11,"Name":"Scaling Mode","Value":0}]},{"ComponentID":46,"ComponentKey":"2242544806","DisplayLogicalIndex":0,"Settings":[{"ID":2,"Name":"Vari-Bright","State":1,"Value":2}]},{"ComponentID":60,"ComponentKey":"2242544806","DisplayLogicalIndex":0,"Settings":[{"ID":0,"Name":"Hue","Value":0},{"ID":1,"Name":"Saturation","Value":100},{"ID":2,"Name":"Brightness","Value":0},{"ID":3,"Name":"Contrast","Value":100},{"ID":4,"Name":"Color Temperature","State":1,"Value":6500}]}],"Global Settings":[{"ComponentID":145,"ComponentKey":"743FC38A3F103CC3020.004.000.028","Settings":[{"Name":"TenBit Pixel Format","State":0,"Value":""}]},{"ComponentID":4,"ComponentKey":"D0AD08B81CC0","Settings":[]},{"ComponentID":7,"ComponentKey":"743FC38A3F103CC3020.004.000.028","Settings":[{"Name":"ASE","Value":"0"},{"Name":"AntiAlias","Value":"1"},{"Name":"VSyncControl","Value":"1"},{"Name":"SurfaceFormatReplacements","Value":"1"},{"Name":"AntiAliasSamples","Value":"0"},{"Name":"TurboSync","Value":"0"},{"Name":"Tessellation_OPTION","Value":"0"},{"Name":"AnisoDegree","Value":"0"},{"Name":"MVPU","Value":""},{"Name":"MLF","Value":"0"},{"Name":"EQAA","Value":"0"},{"Name":"ASD","Value":"-1"},{"Name":"ASTT","Value":"0"},{"Name":"GameMode","Value":""},{"Name":"ShaderCache","Value":"1"},{"Name":"EnableTripleBuffering","Value":"0"},{"Name":"Tessellation","Value":"64"},{"Name":"TFQ","Value":"2"},{"Name":"AnisoType","Value":"0"},{"ID":0,"Name":"Radeon™ Anti-Lag","State":1,"Value":0},{"ID":1,"Name":"Radeon™ Chill","SubSettings":[{"Name":"Toggle","Value":"0"},{"Name":"Min FPS","Value":"75"},{"Name":"Max FPS","Value":"140"}],"Value":""},{"ID":2,"Name":"Radeon™ Boost","State":1,"Value":50},{"ID":3,"Name":"Radeon™ Image Sharpening","State":1,"SubSettings":[{"Name":"Radeon™ Image Sharpening","Value":"70"},{"Name":"Shrpen Desktop","Value":"250"}],"Value":70},{"ID":7,"Name":"Frame rate target control","State":0,"Value":60}]},{"ComponentID":7,"ComponentKey":"1638C68A3F103CC6017.010.000.030","Settings":[{"Name":"ASE","Value":"0"},{"Name":"AntiAlias","Value":"1"},{"Name":"VSyncControl","Value":"1"},{"Name":"SurfaceFormatReplacements","Value":"1"},{"Name":"AntiAliasSamples","Value":"0"},{"Name":"TurboSync","Value":"0"},{"Name":"Tessellation_OPTION","Value":"0"},{"Name":"AnisoDegree","Value":"0"},{"Name":"MVPU","Value":""},{"Name":"MLF","Value":"0"},{"Name":"EQAA","Value":"0"},{"Name":"ASD","Value":"-1"},{"Name":"ASTT","Value":"0"},{"Name":"GameMode","Value":""},{"Name":"ShaderCache","Value":"1"},{"Name":"EnableTripleBuffering","Value":"0"},{"Name":"Tessellation","Value":"64"},{"Name":"TFQ","Value":"2"},{"Name":"AnisoType","Value":"0"},{"ID":0,"Name":"Radeon™ Anti-Lag","State":1,"Value":0},{"ID":1,"Name":"Radeon™ Chill","SubSettings":[{"Name":"Toggle","Value":"0"},{"Name":"Min FPS","Value":"75"},{"Name":"Max FPS","Value":"140"}],"Value":""},{"ID":2,"Name":"Radeon™ Boost","State":1,"Value":50},{"ID":3,"Name":"Radeon™ Image Sharpening","State":1,"SubSettings":[{"Name":"Radeon™ Image Sharpening","Value":"70"},{"Name":"Shrpen Desktop","Value":"250"}],"Value":70},{"ID":7,"Name":"Frame rate target control","State":0,"Value":60}]}],"Hotkey Settings":[{"ComponentID":93,"ComponentKey":"D0AD08B81CC0","Settings":[{"ID":9999,"Name":"Use Hotkeys","State":1,"Value":""},{"ID":10000,"Name":"Use Display Hotkeys","State":1,"Value":""},{"ID":2,"Name":"Open Sidebar","Value":"Alt,Z"},{"ID":12,"Name":"Open Fullscreen","Value":"Alt,R"},{"ID":13,"Name":"Toggle Performance Logging","Value":"Ctrl+Alt,L"},{"ID":14,"Name":"Toggle Performance Overlay","Value":"Ctrl+Shift,O"},{"ID":15,"Name":"Toggle Radeon™ Anti-Lag","Value":"Alt,L"},{"ID":16,"Name":"Toggle Radeon™ Boost","Value":"Alt,K"},{"ID":17,"Name":"Toggle Radeon™ Anti-Lag/Boost Indicator","Value":"Shift+Alt,L"},{"ID":18,"Name":"Toggle Radeon™ Chill","Value":"Alt,VK_F11"},{"ID":19,"Name":"Toggle Radeon™ Super Resolution","Value":"Alt,U"},{"ID":20,"Name":"Toggle AMD Fluid Motion Frames 2.1","Value":"Alt+Shift,G"},{"ID":32,"Name":"Rotate Display 0 Degrees","Value":"Ctrl+Alt,VK_UP"},{"ID":33,"Name":"Rotate Display Counter-Clockwise 90 Degrees","Value":"Ctrl+Alt,VK_LEFT"},{"ID":34,"Name":"Rotate Display 180 Degrees","Value":"Ctrl+Alt,VK_DOWN"},{"ID":35,"Name":"Rotate Display Clockwise 90 Degrees","Value":"Ctrl+Alt,VK_RIGHT"},{"ID":36,"Name":"Toggle Performance Overlay Profile","Value":"Ctrl+Shift,X"}]}],"Intelligence Settings":[{"ComponentID":190,"ComponentKey":"D0AD08B81CC0","Settings":[{"ID":0,"Name":"AMD Assistant","Value":0}]}],"Performance Settings":[{"ComponentID":90,"ComponentKey":"D0AD08B81CC0","Settings":[{"ID":3,"Name":"Performance Logging Location","Value":"C:\\Users\\Aashhh\\AppData\\Local\\AMD\\CN"},{"ID":57,"Name":"FPS/Latency Sampling Interval","Value":25},{"ID":58,"Name":"Hardware Sampling Interval","Value":100},{"ID":52,"Name":"Graphing Duration","Value":60},{"ID":8,"Name":"FPS","Value":681},{"ID":39,"Name":"Frame Time","Value":681},{"ID":53,"Name":"Average Frame Time","Value":680},{"ID":40,"Name":"99th% FPS","Value":680},{"ID":46,"Name":"Render API","Value":680},{"ID":43,"Name":"Heavy Stutter Rate","Value":680},{"ID":45,"Name":"Micro Stutter Rate","Value":680},{"ID":18,"Name":"CPU UTIL","Value":681},{"ID":19,"Name":"SYSTEM MEMORY UTIL","Value":681},{"ID":37,"Name":"SMART SHIFT","Value":681},{"ID":31,"Name":"CPU FREQUENCY","Value":680},{"ID":32,"Name":"CPU VOLTAGE","Value":680},{"ID":33,"Name":"CPU TEMPERATURE","Value":681},{"ID":34,"Name":"CPU POWER","Value":680},{"ID":35,"Name":"CPU EDC","Value":680},{"ID":36,"Name":"CPU TDC","Value":680},{"ID":5,"Name":"Hide Metrics Overlay During Logging","Value":1},{"ID":6,"Name":"Show In Video/Stream Output","Value":0},{"ID":20,"Name":"Enable Metrics Overlay","Value":0},{"ID":56,"Name":"Game Detection for Metrics Overlay","Value":1},{"ID":21,"Name":"Location","Value":1},{"ID":23,"Name":"Position","Value":"40,40"},{"ID":30,"Name":"TransparencyWA","Value":1},{"ID":22,"Name":"Transparency","Value":30},{"ID":25,"Name":"Size","Value":100},{"ID":55,"Name":"Graph/Gauge Size","Value":100},{"ID":26,"Name":"Columns","Value":1},{"ID":27,"Name":"Metrics Name Color","Value":0},{"ID":28,"Name":"Custom Name Color","Value":"#F8FFFF"},{"ID":48,"Name":"Metrics Value Color","Value":0},{"ID":49,"Name":"Custom Value Color","Value":"#F8FFFF"},{"ID":50,"Name":"Metrics Background Color","Value":0},{"ID":51,"Name":"Custom Background Color","Value":"#000000"},{"ID":29,"Name":"Show Graphs Meters","Value":0},{"ID":47,"Name":"Metrics Profile","Value":0}]},{"ComponentID":90,"ComponentKey":"743FC38A3F103CC3020.004.000.028","Settings":[{"ID":9,"Name":"GPU UTIL","Value":681},{"ID":10,"Name":"GPU SCLK","Value":680},{"ID":11,"Name":"GPU MCLK","Value":680},{"ID":12,"Name":"GPU TEMP","Value":681},{"ID":13,"Name":"GPU HOTSPOT TEMP","Value":680},{"ID":15,"Name":"GPU PWR","Value":681},{"ID":16,"Name":"GPU FAN","Value":680},{"ID":17,"Name":"GPU Memory","Value":681},{"ID":44,"Name":"GPU Voltage","Value":680}]},{"ComponentID":90,"ComponentKey":"1638C68A3F103CC6017.010.000.030","Settings":[{"ID":9,"Name":"GPU UTIL","Value":681},{"ID":10,"Name":"GPU SCLK","Value":680},{"ID":11,"Name":"GPU MCLK","Value":680},{"ID":12,"Name":"GPU TEMP","Value":681},{"ID":13,"Name":"GPU HOTSPOT TEMP","Value":680},{"ID":15,"Name":"GPU PWR","Value":681},{"ID":16,"Name":"GPU FAN","Value":680},{"ID":17,"Name":"GPU Memory","Value":681},{"ID":44,"Name":"GPU Voltage","Value":680}]}],"Preferences Settings":[{"ComponentID":57,"ComponentKey":"D0AD08B81CC0","Settings":[{"ID":2,"Name":"System Tray Menu","State":1,"Value":""},{"ID":0,"Name":"In-Game Overlay","State":1,"Value":""},{"ID":4,"Name":"Advertisements","State":0,"Value":""},{"ID":8,"Name":"Toast Notifications","State":1,"Value":""},{"ID":6,"Name":"Always On Top","State":0,"Value":""},{"ID":5,"Name":"Language","State":0,"Value":""},{"ID":7,"Name":"Sidebar Position","State":0,"Value":""},{"ID":11,"Name":"Web Browser","State":0,"Value":""},{"ID":10,"Name":"Animation & Effects","State":1,"Value":""},{"ID":13,"Name":"Feature Help and Tutorials","State":1,"Value":""}]}],"ReLive Settings":[{"ComponentID":59,"ComponentKey":"D0AD08B81CC0","Settings":[]}],"System Settings":[{"ComponentID":15,"ComponentKey":"D0AD08B81CC0","Settings":[{"ID":0,"Name":"Issue Detection","State":1,"Value":""}]}],"SystemDetails":{"CNVerson":"24.30.31.03","DisplayIDs":[{"Index":0,"Key":"2242544806"}],"DynamicPowerSlider":"FALSE","GPUIDs":[{"AutoDefault":1,"Index":2048,"Key":"1638C68A3F103CC6017.010.000.030","OD8AdvancedControl":0,"ODNComponentControl":0},{"AutoDefault":1,"Index":768,"Key":"743FC38A3F103CC3020.004.000.028","OD8AdvancedControl":0,"ODNComponentControl":0}],"GUID":"D0AD08B81CC0","View":"FALSE"},"Video Settings":[{"ComponentID":6,"ComponentKey":"1638C68A3F103CC6017.010.000.030","Settings":[{"ID":4,"Name":"Custom Brightness","Value":0},{"ID":0,"Name":"Enable Video Profile","State":0,"Value":""},{"ID":1,"Name":"Video Profile","Value":0}]}],"Wizard Profile Settings":[{"ComponentID":142,"ComponentKey":"D0AD08B81CC0","Settings":[{"ID":142,"Name":"Experience View State","Value":1}]},{"ComponentID":143,"ComponentKey":"D0AD08B81CC0","Settings":[{"ID":0,"Name":"Wizard Profile","Value":4},{"ID":1,"Name":"Wizard Shown","Value":1},{"ID":2,"Name":"Wizard Last Page","Value":"settings/system/"}]}]}